<?xml version="1.0" encoding="UTF-8"?>
<faces-config
    xmlns="http://xmlns.jcp.org/xml/ns/javaee"
    xmlns:xsi="http://www.w3.org/2001/XMLSchema-instance"
    xsi:schemaLocation="http://xmlns.jcp.org/xml/ns/javaee http://xmlns.jcp.org/xml/ns/javaee/web-facesconfig_2_2.xsd"
    version="2.2">

	<application>
		<el-resolver>org.primefaces.application.exceptionhandler.PrimeExceptionHandlerELResolver</el-resolver>
        <action-listener>org.primefaces.application.DialogActionListener</action-listener>
        <navigation-handler>org.primefaces.application.DialogNavigationHandler</navigation-handler>
        <view-handler>org.primefaces.application.DialogViewHandler</view-handler>

		<message-bundle>com.algaworks.pedidovenda.Messages</message-bundle>

		<locale-config>
			<default-locale>pt_BR</default-locale>
		</locale-config>
	</application>

	<factory>
	    <exception-handler-factory>
	        org.primefaces.application.exceptionhandler.PrimeExceptionHandlerFactory
	    </exception-handler-factory>
	</factory>
	
	<component>
        <component-type>org.primefaces.component.UltimaMenu</component-type>
        <component-class>com.algaworks.pedidovenda.component.menu.UltimaMenu</component-class>
    </component>
    
    <render-kit>
        <renderer>
            <component-family>org.primefaces.component</component-family>
            <renderer-type>org.primefaces.component.UltimaMenuRenderer</renderer-type>
            <renderer-class>com.algaworks.pedidovenda.component.menu.UltimaMenuRenderer</renderer-class>
        </renderer>
    </render-kit>

</faces-config>