<pretty-config xmlns="http://ocpsoft.org/schema/rewrite-config-prettyfaces"
	xmlns:xsi="http://www.w3.org/2001/XMLSchema-instance"
	xsi:schemaLocation="http://ocpsoft.org/schema/rewrite-config-prettyfaces
                      http://ocpsoft.org/xml/ns/prettyfaces/rewrite-config-prettyfaces.xsd">

	<!-- URL Amigavel de cidades -->
	<url-mapping id="PesquisaCidades">
		<pattern value="/cidades" />
		<view-id value="/cidades/PesquisaCidades.xhtml" />
	</url-mapping>

	<url-mapping id="CadastroCidade">
		<pattern value="/cidade/novo" />
		<view-id value="/cidades/CadastroCidade.xhtml" />
	</url-mapping>

	<url-mapping id="EdicaoCidade">
		<pattern value="/cidade/edicao/cidade=#{cidade}" />
		<view-id value="/cidades/CadastroCidade.xhtml" />
	</url-mapping>
	<!-- URL Amigavel de cidades -->
	
	<!-- URL Amigavel de marcas -->
	<url-mapping id="PesquisaMarcas">
		<pattern value="/marcas" />
		<view-id value="/marcas/PesquisaMarcas.xhtml" />
	</url-mapping>

	<url-mapping id="CadastroMarca">
		<pattern value="/marca/novo" />
		<view-id value="/marcas/CadastroMarca.xhtml" />
	</url-mapping>

	<url-mapping id="EdicaoMarca">
		<pattern value="/marca/edicao/marca=#{marca}" />
		<view-id value="/marcas/CadastroMarca.xhtml" />
	</url-mapping>
	<!-- URL Amigavel de marcas -->
	
	<!-- URL Amigavel de compras -->
	<url-mapping id="PesquisaCompras">
		<pattern value="/compras" />
		<view-id value="/compras/PesquisaCompras.xhtml" />
	</url-mapping>

	<url-mapping id="CadastroCompra">
		<pattern value="/compra/novo" />
		<view-id value="/compras/CadastroCompra.xhtml" />
	</url-mapping>

	<url-mapping id="EdicaoCompra">
		<pattern value="/compra/edicao/compra=#{compra}" />
		<view-id value="/compras/CadastroCompra.xhtml" />
	</url-mapping>
	<!-- URL Amigavel de compras -->
	
	<!-- URL Amigavel de metas -->
	<url-mapping id="PesquisaMetas">
		<pattern value="/metas" />
		<view-id value="/metas/PesquisaMetas.xhtml" />
	</url-mapping>

	<url-mapping id="CadastroMeta">
		<pattern value="/meta/novo" />
		<view-id value="/metas/CadastroMeta.xhtml" />
	</url-mapping>

	<url-mapping id="EdicaoMeta">
		<pattern value="/meta/edicao/meta=#{meta}" />
		<view-id value="/metas/CadastroMeta.xhtml" />
	</url-mapping>
	<!-- URL Amigavel de metas -->

	<!-- URL Amigavel de estados -->
	<url-mapping id="PesquisaEstados">
		<pattern value="/estados" />
		<view-id value="/estados/PesquisaEstados.xhtml" />
	</url-mapping>

	<url-mapping id="CadastroEstado">
		<pattern value="/estado/novo" />
		<view-id value="/estados/CadastroEstado.xhtml" />
	</url-mapping>

	<url-mapping id="EdicaoEstado">
		<pattern value="/estado/edicao/estado=#{estado}" />
		<view-id value="/estados/CadastroEstado.xhtml" />
	</url-mapping>
	<!-- URL Amigavel de estados -->

	<!-- URL Amigavel de ajuste de estoque -->
	<url-mapping id="PesquisaAjusteEstoque">
		<pattern value="/ajusteEstoques" />
		<view-id value="/ajusteEstoques/PesquisaAjusteEstoque.xhtml" />
	</url-mapping>

	<url-mapping id="CadastroAjusteEstoque">
		<pattern value="/ajusteEstoque/novo" />
		<view-id value="/ajusteEstoques/CadastroAjusteEstoque.xhtml" />
	</url-mapping>

	<url-mapping id="EdicaoEstado">
		<pattern value="/ajusteEstoque/edicao/ajusteEstoque=#{ajusteEstoque}" />
		<view-id value="/ajusteEstoques/CadastroAjusteEstoque.xhtml" />
	</url-mapping>
	<!-- URL Amigavel de ajuste de estoque -->

	<!-- URL Amigavel de configurações de boletos -->
	<url-mapping id="CadastroBoleto">
		<pattern value="/boleto" />
		<view-id value="/boletos/CadastroBoleto.xhtml" />
	</url-mapping>
	<!-- URL Amigavel de configurações de boletos -->

	<!-- URL Amigavel de categorias -->
	<url-mapping id="PesquisaCategorias">
		<pattern value="/categorias" />
		<view-id value="/categorias/PesquisaCategorias.xhtml" />
	</url-mapping>

	<url-mapping id="CadastroCategoria">
		<pattern value="/categoria/novo" />
		<view-id value="/categorias/CadastroCategoria.xhtml" />
	</url-mapping>

	<url-mapping id="EdicaoCategoria">
		<pattern value="/categoria/edicao/categoria=#{categoria}" />
		<view-id value="/categorias/CadastroCategoria.xhtml" />
	</url-mapping>
	<!-- URL Amigavel de categorias -->

	<!-- URL Amigavel de clientes -->
	<url-mapping id="PesquisaClientes">
		<pattern value="/clientes" />
		<view-id value="/clientes/PesquisaClientes.xhtml" />
	</url-mapping>

	<url-mapping id="CadastroCliente">
		<pattern value="/cliente/novo" />
		<view-id value="/clientes/CadastroCliente.xhtml" />
	</url-mapping>

	<url-mapping id="EdicaoCliente">
		<pattern value="/cliente/edicao/cliente=#{cliente}" />
		<view-id value="/clientes/CadastroCliente.xhtml" />
	</url-mapping>
	<!-- URL Amigavel de clientes -->

	<!-- URL Amigavel de configuração de comissão -->
	<url-mapping id="PesquisaConfiguracaoComissoes">
		<pattern value="/configuracaoComissoes" />
		<view-id value="/configuracaoComissao/PesquisaConfiguracaoComissoes.xhtml" />
	</url-mapping>

	<url-mapping id="CadastroConfiguracaoComissao">
		<pattern value="/configuracaoComissao/novo" />
		<view-id value="/configuracaoComissao/CadastroConfiguracaoComissao.xhtml" />
	</url-mapping>

	<url-mapping id="EdicaoConfiguracaoComissao">
		<pattern value="/configuracaoComissao/edicao/configuracaoComissao=#{configuracaoComissao}" />
		<view-id value="/configuracaoComissao/CadastroConfiguracaoComissao.xhtml" />
	</url-mapping>
	<!-- URL Amigavel de configuração de comissão -->

	<!-- URL Amigavel de configuração de empresa -->
	<url-mapping id="PesquisaConfiguracoesEmpresas">
		<pattern value="/configuracaoEmpresas" />
		<view-id value="/configuracoesEmpresas/PesquisaConfiguracaoComissoes.xhtml" />
	</url-mapping>

	<url-mapping id="CadastroConfiguracaoEmpresa">
		<pattern value="/configuracaoEmpresa/novo" />
		<view-id value="/configuracoesEmpresas/CadastroConfiguracaoComissao.xhtml" />
	</url-mapping>

	<url-mapping id="EdicaoConfiguracaoEmpresa">
		<pattern value="/configuracaoEmpresa/edicao/configuracaoEmpresa=#{configuracaoEmpresa}" />
		<view-id value="/configuracoesEmpresas/CadastroConfiguracaoComissao.xhtml" />
	</url-mapping>
	<!-- URL Amigavel de configuração de empresa -->


	<!-- URL Amigavel de contas a receber -->
	<url-mapping id="PesquisaContasRecebers">
		<pattern value="/contasRecebers" />
		<view-id value="/contasRecebers/PesquisaContasRecebers.xhtml" />
	</url-mapping>

	<url-mapping id="CadastroContasReceber">
		<pattern value="/contasReceber/novo" />
		<view-id value="/contasRecebers/CadastroContasReceber.xhtml" />
	</url-mapping>

	<url-mapping id="EdicaoContasReceber">
		<pattern value="/contasReceber/edicao/contasReceber=#{contasReceber}" />
		<view-id value="/contasRecebers/CadastroContasReceber.xhtml" />
	</url-mapping>
	<!-- URL Amigavel de contas a receber -->
	
	<!-- URL Amigavel de contas a pagar -->
	<url-mapping id="PesquisaContasPagars">
		<pattern value="/contasPagars" />
		<view-id value="/contasPagars/PesquisaContasPagars.xhtml" />
	</url-mapping>

	<url-mapping id="CadastroContasPagar">
		<pattern value="/contasPagar/novo" />
		<view-id value="/contasPagars/CadastroContasPagar.xhtml" />
	</url-mapping>

	<url-mapping id="EdicaoContasPagar">
		<pattern value="/contasPagar/edicao/contasPagar=#{contasPagar}" />
		<view-id value="/contasPagars/CadastroContasPagar.xhtml" />
	</url-mapping>
	<!-- URL Amigavel de contas a pagar -->
	
	<!-- URL Amigavel de devoluções -->
	<url-mapping id="PesquisaDevolucoes">
		<pattern value="/devolucoes" />
		<view-id value="/devolucoes/PesquisaDevolucoes.xhtml" />
	</url-mapping>

	<url-mapping id="CadastroDevolucao">
		<pattern value="/devolucao/novo" />
		<view-id value="/devolucoes/CadastroDevolucao.xhtml" />
	</url-mapping>

	<url-mapping id="EdicaoDevolucao">
		<pattern value="/devolucao/edicao/devolucao=#{devolucao}" />
		<view-id value="/devolucoes/CadastroDevolucao.xhtml" />
	</url-mapping>
	<!-- URL Amigavel de devoluções -->	
	
	<!-- URL Amigavel de estoque reajuste -->
	<url-mapping id="PesquisaEstoqueReajustes">
		<pattern value="/estoqueReajustes" />
		<view-id value="/estoqueReajuste/PesquisaEstoqueReajustes.xhtml" />
	</url-mapping>

	<url-mapping id="CadastroEstoqueReajuste">
		<pattern value="/estoqueReajuste/novo" />
		<view-id value="/estoqueResjuste/CadastroEstoqueReajuste.xhtml" />
	</url-mapping>

	<url-mapping id="EdicaoEstoqueReajuste">
		<pattern value="/estoqueReajuste/edicao/estoqueReajuste=#{estoqueReajuste}" />
		<view-id value="/estoqueReajuste/CadastroEstoqueReajuste.xhtml" />
	</url-mapping>
	<!-- URL Amigavel de estoque reajuste -->	

	<!-- URL Amigavel de menu -->
	<url-mapping id="PesquisaMenus">
		<pattern value="/menus" />
		<view-id value="/menus/PesquisaMenus.xhtml" />
	</url-mapping>

	<url-mapping id="CadastroMenu">
		<pattern value="/menu/novo" />
		<view-id value="/menus/CadastroMenu.xhtml" />
	</url-mapping>

	<url-mapping id="EdicaoMenu">
		<pattern value="/menu/edicao/menu=#{menu}" />
		<view-id value="/menus/CadastroMenu.xhtml" />
	</url-mapping>
	<!-- URL Amigavel de menu -->
	
	<!-- URL Amigavel de parcela -->
	<url-mapping id="PesquisaParcelas">
		<pattern value="/parcelas" />
		<view-id value="/parcelas/PesquisaParcelas.xhtml" />
	</url-mapping>

	<url-mapping id="CadastroParcela">
		<pattern value="/parcela/novo" />
		<view-id value="/parcelas/CadastroParcela.xhtml" />
	</url-mapping>

	<url-mapping id="EdicaoParcela">
		<pattern value="/parcela/edicao/parcela=#{parcela}" />
		<view-id value="/parcelas/CadastroParcela.xhtml" />
	</url-mapping>
	<!-- URL Amigavel de parcela -->	
	
	<!-- URL Amigavel de pedidos -->
	<url-mapping id="PesquisaPedidos">
		<pattern value="/pedidos" />
		<view-id value="/pedidos/PesquisaPedidos.xhtml" />
	</url-mapping>

	<url-mapping id="CadastroPedido">
		<pattern value="/pedido/novo" />
		<view-id value="/pedidos/CadastroPedido.xhtml" />
	</url-mapping>

	<url-mapping id="EdicaoPedido">
		<pattern value="/pedido/edicao/pedido=#{pedido}" />
		<view-id value="/pedidos/CadastroPedido.xhtml" />
	</url-mapping>
	<!-- URL Amigavel de pedidos -->
	
	<!-- URL Amigavel de permissões -->
	<url-mapping id="PesquisaPermissoes">
		<pattern value="/permissoes" />
		<view-id value="/permissoes/PesquisaPermissoes.xhtml" />
	</url-mapping>

	<url-mapping id="CadastroPermissao">
		<pattern value="/permissao/novo" />
		<view-id value="/permissoes/CadastroPermissao.xhtml" />
	</url-mapping>

	<url-mapping id="EdicaoPermissao">
		<pattern value="/permissao/edicao/permissao=#{permissao}" />
		<view-id value="/permissoes/CadastroPermissao.xhtml" />
	</url-mapping>
	<!-- URL Amigavel de permissões -->
	
	
	<!-- URL Amigavel de permissões -->
	<url-mapping id="PesquisaProdutos">
		<pattern value="/produtos" />
		<view-id value="/produtos/PesquisaProdutos.xhtml" />
	</url-mapping>

	<url-mapping id="CadastroProduto">
		<pattern value="/produto/novo" />
		<view-id value="/produtos/CadastroProduto.xhtml" />
	</url-mapping>

	<url-mapping id="EdicaoProduto">
		<pattern value="/produto/edicao/produto=#{produto}" />
		<view-id value="/produtos/CadastroProduto.xhtml" />
	</url-mapping>
	<!-- URL Amigavel de produtos -->
	
	<!-- URL Amigavel de relatorios -->
	<url-mapping id="RelatorioCategorias">
		<pattern value="/relatorio/categorias" />
		<view-id value="/relatorios/RelatorioCategorias.xhtml" />
	</url-mapping>

	<url-mapping id="RelatorioCidades">
		<pattern value="/relatorio/cidades" />
		<view-id value="/relatorios/RelatorioCidades.xhtml" />
	</url-mapping>
	
	<url-mapping id="RelatorioClientes">
		<pattern value="/relatorio/clientes" />
		<view-id value="/relatorios/RelatorioClientes.xhtml" />
	</url-mapping>
	
	<url-mapping id="RelatorioEstados">
		<pattern value="/relatorio/estados" />
		<view-id value="/relatorios/RelatorioEstados.xhtml" />
	</url-mapping>
	
	<url-mapping id="RelatorioFornecedores">
		<pattern value="/relatorio/fornecedores" />
		<view-id value="/relatorios/RelatorioFornecedores.xhtml" />
	</url-mapping>
	
	<url-mapping id="RelatorioGrupos">
		<pattern value="/relatorio/grupos" />
		<view-id value="/relatorios/RelatorioGrupos.xhtml" />
	</url-mapping>
	
	<url-mapping id="RelatorioParcelas">
		<pattern value="/relatorio/parcelas" />
		<view-id value="/relatorios/RelatorioParcelas.xhtml" />
	</url-mapping>
	
	<url-mapping id="RelatorioPedidosEmitidos">
		<pattern value="/relatorio/pedidos-emitidos" />
		<view-id value="/relatorios/RelatorioPedidosEmitidos.xhtml" />
	</url-mapping>
	
	<url-mapping id="RelatorioPermissoes">
		<pattern value="/relatorio/permissoes" />
		<view-id value="/relatorios/RelatorioPermissoes.xhtml" />
	</url-mapping>
	
	<url-mapping id="RelatorioProdutos">
		<pattern value="/relatorio/produtos" />
		<view-id value="/relatorios/RelatorioProdutos.xhtml" />
	</url-mapping>
	
	<url-mapping id="RelatorioSubCategorias">
		<pattern value="/relatorio/sub-categorias" />
		<view-id value="/relatorios/RelatorioSubCategorias.xhtml" />
	</url-mapping>
	
	<url-mapping id="RelatorioUsuarios">
		<pattern value="/relatorio/usuarios" />
		<view-id value="/relatorios/RelatorioUsuarios.xhtml" />
	</url-mapping>
	<!-- URL Amigavel de relatorios -->
	
	<!-- URL Amigavel de sub categorias -->
	<url-mapping id="PesquisaSubCategorias">
		<pattern value="/sub-categorias" />
		<view-id value="/subCategorias/PesquisaSubCategorias.xhtml" />
	</url-mapping>

	<url-mapping id="CadastroSubCategoria">
		<pattern value="/sub-categoria/novo" />
		<view-id value="/subCategorias/CadastroSubCategoria.xhtml" />
	</url-mapping>

	<url-mapping id="EdicaoSubCategoria">
		<pattern value="/sub-categoria/edicao/subCategoria=#{subCategoria}" />
		<view-id value="/subCategorias/CadastroSubCategoria.xhtml" />
	</url-mapping>
	<!-- URL Amigavel de produtos -->
	
	<!-- URL Amigavel de usuarios -->
	<url-mapping id="PesquisaUsuarios">
		<pattern value="/usuarios" />
		<view-id value="/usuarios/PesquisaUsuarios.xhtml" />
	</url-mapping>

	<url-mapping id="CadastroUsuario">
		<pattern value="/usuario/novo" />
		<view-id value="/usuarios/CadastroUsuario.xhtml" />
	</url-mapping>

	<url-mapping id="EdicaoUsuario">
		<pattern value="/usuario/edicao/usuario=#{usuario}" />
		<view-id value="/usuarios/CadastroUsuario.xhtml" />
	</url-mapping>
	<!-- URL Amigavel de produtos -->
	
	<!-- URL Amigavel da home -->
	<url-mapping id="Home">
		<pattern value="/home" />
		<view-id value="/Home.xhtml" />
	</url-mapping>
	<!-- URL Amigavel da home -->
	
	<!-- URL Amigavel da erro -->
	<url-mapping id="Erro">
		<pattern value="/erro" />
		<view-id value="/Erro.xhtml" />
	</url-mapping>
	<!-- URL Amigavel da erro -->

	<!-- URL Amigavel da acesso negado -->
	<url-mapping id="AcessoNegado">
		<pattern value="/acesso-negado" />
		<view-id value="/AcessoNegado.xhtml" />
	</url-mapping>
	<!-- URL Amigavel da acesso negado -->
	

</pretty-config>